Ranking,User_ID,Nazwa,Liczba_Ogloszen,URL_Profilu
1,jETcp,Unknown,965,https://www.olx.pl/oferty/uzytkownik/jETcp/
2,1EqkB,Unknown,611,https://www.olx.pl/oferty/uzytkownik/1EqkB/
3,2MyEPW,Unknown,487,https://www.olx.pl/oferty/uzytkownik/2MyEPW/
4,QKVd,Unknown,450,https://www.olx.pl/oferty/uzytkownik/QKVd/
5,1Ie1H0,Unknown,414,https://www.olx.pl/oferty/uzytkownik/1Ie1H0/
6,HMKJ,Unknown,403,https://www.olx.pl/oferty/uzytkownik/HMKJ/
7,2MxYXN,Unknown,375,https://www.olx.pl/oferty/uzytkownik/2MxYXN/
8,4eiSS,Unknown,351,https://www.olx.pl/oferty/uzytkownik/4eiSS/
9,2oilr,Unknown,343,https://www.olx.pl/oferty/uzytkownik/2oilr/
10,39Zr,Unknown,338,https://www.olx.pl/oferty/uzytkownik/39Zr/
11,5puOp,Unknown,328,https://www.olx.pl/oferty/uzytkownik/5puOp/
12,2tP4L,Unknown,321,https://www.olx.pl/oferty/uzytkownik/2tP4L/
13,vWL7,Unknown,320,https://www.olx.pl/oferty/uzytkownik/vWL7/
14,1eam8L,Unknown,318,https://www.olx.pl/oferty/uzytkownik/1eam8L/
15,2oa5pw,Unknown,302,https://www.olx.pl/oferty/uzytkownik/2oa5pw/
